,STARTING_PRICE,HIGH_PRICE,LOW_PRICE,CLOSING_PRICE,TRADING_VOLUME
20200731,19000,22950,18450,20750,4598283
20200730,20500,22200,18450,19800,6704667
20200729,16500,18900,16500,18900,1653934
20200728,16500,18000,16150,17450,1566555
20200727,17000,19500,16000,17150,2798521
20200724,14250,17800,14050,15950,23229747
20200723,13000,14950,11750,13700,28475056
20200722,8840,11500,8430,11500,12832520
20200721,8320,9090,8230,8870,3953953
20200720,8110,8170,7980,8040,301483
20200717,7860,8090,7840,8030,412626
20200716,7880,7940,7710,7880,309064
20200715,8130,8140,7880,7880,343950
20200714,7940,8170,7870,8050,502218
20200713,7940,8010,7830,7940,353406
20200710,7600,8070,7560,7940,942686
20200709,7760,7790,7560,7610,341121
20200708,7780,7830,7570,7770,447531
20200707,7930,7930,7700,7750,470253
20200706,7990,8060,7850,7950,481717
20200703,8090,8140,7970,8030,248351
20200702,8030,8250,7930,8000,553779
20200701,8230,8420,7980,8010,1323973
20200630,7700,8040,7700,8000,586287
20200629,7950,8000,7620,7630,535734
20200626,8270,8270,7970,8040,372679
20200625,8110,8200,7960,8160,565222
20200624,8030,8560,8030,8140,1695723
20200623,8140,8220,7870,7960,722276
20200622,8370,8600,8130,8190,1062895
20200619,8220,8500,7820,8270,1260386
20200618,8600,8770,8100,8180,1425496
20200617,8830,8900,8210,8280,1293474
20200616,8870,8970,8400,8860,1449788
20200615,9100,9450,8200,8640,5092678
20200612,7910,8880,7720,8570,4569871
20200611,7890,8800,7830,8150,4913124
20200610,7850,7980,7660,7800,1244164
20200609,7540,7850,7360,7780,1367092
20200608,7350,7950,7280,7610,4884980
20200605,7070,7240,7020,7190,359607
20200604,7210,7290,6990,7060,329057
20200603,7440,7450,7140,7140,554246
20200602,7240,7360,7150,7300,540608
20200601,7200,7400,7070,7210,1312908
20200529,6830,6970,6790,6900,220894
20200528,7020,7150,6710,6920,516331
20200527,7150,7220,6980,6980,506117
20200526,7160,7220,7070,7150,591523
20200525,7110,7300,7040,7160,1482945
20200522,6760,7160,6750,7010,1854501
20200521,6910,6920,6700,6790,265663
20200520,6830,6930,6730,6800,522548
20200519,6600,6840,6480,6840,704505
20200518,6590,6650,6440,6520,295313
20200515,6780,6810,6550,6560,263233
20200514,6700,6790,6600,6710,319156
20200513,6620,6870,6600,6780,414811
20200512,6720,6730,6540,6620,179012
20200511,6860,6860,6670,6720,210875
20200508,6820,6830,6720,6810,206465
20200507,6750,6880,6690,6760,300666
20200506,6420,6790,6390,6760,496722
20200504,6360,6520,6300,6370,228035
20200429,6540,6580,6440,6460,222090
20200428,6720,6720,6520,6520,267354
20200427,6690,6700,6560,6620,265484
20200424,6700,6840,6540,6600,338755
20200423,7100,7100,6720,6800,1062982
20200422,6480,6710,6380,6710,422929
20200421,6750,6840,6300,6510,755445
20200420,6810,7090,6700,6710,621530
20200417,6900,6930,6670,6740,458278
20200416,6720,6760,6490,6680,634278
20200414,7040,7170,6700,6850,930981
20200413,7330,7890,6850,6850,3312332
20200410,6750,7600,6470,7600,3236542
20200409,7020,7040,6650,6660,715377
20200408,7340,7470,6840,6840,1596011
20200407,6810,7490,6620,7480,3975434
20200406,6460,6750,6460,6670,842186
20200403,6340,6490,6210,6460,318064
20200402,6150,6330,6030,6260,307565
20200401,6650,6750,6210,6240,682982
20200331,6440,6770,6280,6560,1648973
20200330,6070,6360,6040,6230,967371
20200327,6450,6450,5980,6150,1314386
20200326,6370,6390,6050,6230,1152050
20200325,5590,6450,5490,6240,1967439
20200324,5280,5530,5230,5460,229676
20200323,5000,5480,4885,5210,327478
20200320,4855,5250,4810,5250,319153
20200319,5220,5510,4670,4780,394029
20200318,5380,5640,5050,5150,187780
20200317,5010,5390,5010,5310,250822
20200316,5320,6060,5260,5290,622717
20200313,5010,5450,4655,5280,473575
20200312,5750,5930,5500,5500,290880
20200311,6170,6210,5840,5910,233829
20200310,6090,6190,5850,6190,246397
20200309,6290,6530,6180,6200,304273
20200306,6460,6460,6240,6310,207952
20200305,6430,6530,6340,6470,221442
20200304,6480,6480,6200,6340,222580
20200303,6250,6550,6200,6250,541411
20200302,6090,6320,6080,6170,243790
20200228,6390,6440,6090,6190,307282
20200227,6800,6800,6300,6480,205446
20200226,6680,6840,6580,6690,175405
20200225,6200,6850,6200,6700,229387
20200224,6690,6750,6300,6330,243117
20200221,6910,6970,6720,6780,141939
20200220,7080,7120,6920,6930,121531
20200219,6970,7050,6890,7050,119282
20200218,7030,7070,6900,6940,125500
20200217,6980,7040,6900,7030,134639
20200214,7090,7130,6980,7030,129401
20200213,7190,7210,7060,7120,123051
20200212,7190,7190,6700,7110,310813
20200211,7180,7320,7140,7170,122268
20200210,7200,7230,7130,7210,101332
20200207,7250,7330,7130,7230,123643
20200206,7210,7430,7210,7250,158920
20200205,7160,7230,7110,7200,113196
20200204,6830,7160,6830,7100,164561
20200203,6680,6940,6670,6830,232119
20200131,7110,7270,6820,6890,328047
20200130,7350,7470,7070,7150,444535
20200129,7630,8220,7280,7330,1463790
20200128,7620,8210,7620,7630,2135471
20200123,7810,7810,7490,7580,233228
20200122,7650,7770,7600,7750,178492
20200121,7840,7850,7550,7600,221165
20200120,7760,7920,7690,7740,351707
20200117,7990,7990,7710,7750,327841
20200116,7780,8010,7700,7940,440137
20200115,7810,7870,7700,7720,258580
20200114,7700,7800,7600,7800,260041
20200113,7700,7810,7550,7660,237091
20200110,7460,7730,7440,7690,309428
20200109,7500,7600,7440,7440,302171
20200108,7540,7590,7180,7270,665165
20200107,7700,7910,7600,7600,411697
20200106,8050,8290,7540,7670,884761
20200103,8110,8180,7970,8020,602181
20200102,8090,8450,7970,8020,2871810
20191230,7300,7900,7280,7900,1774554
20191227,7250,7480,7070,7220,1289016
20191226,7160,7230,7040,7080,222516
20191224,7130,7330,7060,7200,331731
20191223,7040,7260,6940,7190,402818
20191220,6990,7050,6950,7000,99774
20191219,7180,7260,6910,7020,223442
20191218,7210,7240,7110,7120,189115
20191217,7320,7400,7100,7170,387985
20191216,6970,7290,6910,7290,795592
20191213,6810,6940,6810,6930,96217
20191212,6860,7020,6780,6790,189243
20191211,6970,7010,6760,6840,178694
20191210,6680,7460,6610,7000,1315112
20191209,6810,6810,6630,6710,119479
20191206,6900,6920,6760,6760,72929
20191205,7060,7150,6780,6860,330496
20191204,6850,7030,6760,6950,201399
20191203,6850,6890,6740,6820,103452
20191202,6810,6970,6770,6930,206702
20191129,6800,6930,6660,6810,176506
20191128,7080,7230,6750,6760,632787
20191127,6600,7050,6530,6920,706933
20191126,6570,6610,6490,6580,63964
20191125,6610,6650,6500,6520,84562
20191122,6600,6660,6460,6470,65628
20191121,6640,6720,6470,6560,103399
20191120,6800,6840,6610,6640,100272
20191119,6940,6960,6750,6830,55640
20191118,6970,7030,6700,6900,72340
20191115,6850,6990,6780,6870,119334
20191114,6870,6910,6800,6850,39957
20191113,6920,6950,6740,6850,84117
20191112,7020,7080,6810,6900,159873
20191111,7100,7220,6930,7010,232528
20191108,6980,7120,6860,7080,307188
20191107,6780,7030,6670,6970,378291
20191106,6690,6930,6640,6710,436228
20191105,6600,6640,6500,6630,94494
20191104,6450,6640,6420,6590,104007
20191101,6440,6590,6380,6420,82230
20191031,6380,6550,6300,6490,102665
20191030,6620,6620,6360,6360,188369
20191029,6600,6700,6450,6640,323694
20191028,6610,7560,6480,6650,2833979
20191025,6520,6600,6440,6470,65483
20191024,6470,6570,6380,6530,100383
20191023,6230,6850,6180,6460,492529
20191022,6220,6300,6100,6230,86659
20191021,6370,6390,6190,6210,98088
20191018,6420,6750,6350,6410,427489
20191017,6330,6460,6260,6440,99644
20191016,6230,6330,6190,6330,62798
20191015,6260,6330,6100,6220,87142
20191014,6320,6390,6200,6250,66496
20191011,6200,6320,6150,6270,58351
20191010,6270,6270,6180,6200,30769
20191008,6200,6290,6120,6270,55436
20191007,6140,6300,6140,6270,45905
20191004,6290,6320,6120,6200,56083
20191002,6160,6380,6160,6290,45811
20191001,6090,6260,6070,6200,60194
20190930,6270,6330,6080,6100,65567
20190927,6240,6470,6170,6260,124280
20190926,6240,6330,6100,6240,94475
20190925,6480,6480,6160,6220,109454
20190924,6330,6450,6330,6400,59440
20190923,6620,6620,6380,6410,124771
20190920,6650,6690,6570,6620,96380
20190919,6710,6770,6620,6660,82610
20190918,6800,6800,6560,6660,142408
20190917,6680,6930,6580,6660,405354
20190916,6410,6530,6410,6490,45481
20190911,6280,6520,6280,6500,35949
20190910,6520,6520,6260,6280,45209
20190909,6420,6520,6330,6400,40008
20190906,6550,6570,6350,6380,73038
20190905,6550,6600,6380,6550,58263
20190904,6450,6570,6370,6540,47451
20190903,6530,6620,6420,6450,72637
20190902,6400,6570,6260,6570,90459
20190830,6400,6480,6300,6360,77109
20190829,6340,6400,6250,6340,40074
20190828,6050,6370,5990,6340,99117
20190827,6170,6170,5970,6000,89361
20190826,6200,6250,6000,6060,138838
20190823,6320,6400,6190,6380,104293
20190822,6380,6390,6200,6300,50754
20190821,6400,6480,6310,6320,108362
20190820,6270,6470,6270,6450,63870
20190819,6370,6430,6200,6320,80017
20190816,6400,6460,6300,6410,128728
20190814,6560,6570,6390,6560,65693
20190813,6430,6560,6290,6460,130667
20190812,6070,6410,5990,6410,200042
20190809,5830,6130,5780,6100,209102
20190808,5650,5850,5630,5800,100434
20190807,5500,5680,5450,5670,124829
20190806,5160,5870,5160,5440,321566
20190805,6400,6400,5640,5650,319741
20190802,6580,6580,6380,6450,138679
20190801,6580,6780,6500,6620,76481
20190731,6600,6630,6320,6600,126998
20190730,6460,6640,6430,6560,172140
20190729,6680,6700,6410,6500,141466
20190726,6860,6910,6490,6670,109955
20190725,6950,7040,6810,6860,87769
20190724,7100,7200,6980,7010,120006
20190723,7160,7220,7060,7100,80165
20190722,7190,7320,7060,7150,90404
20190719,7240,7290,7160,7200,122050
20190718,7170,7220,7080,7190,76732
20190717,7220,7270,7040,7190,93733
20190716,6800,7360,6800,7180,387660
20190715,7100,7150,6900,6910,171758
20190712,6750,7560,6750,7090,902249
20190711,6870,6980,6770,6780,161239
20190710,6890,6990,6690,6890,172636
20190709,6930,7060,6760,6760,226999
20190708,7300,7330,6950,7000,228726
20190705,7240,7420,7210,7280,171543
20190704,7170,7330,6990,7260,314719
20190703,7130,7280,7080,7180,205090
20190702,7180,7400,7070,7100,398930
20190701,7300,7650,7140,7160,970090
20190628,7270,8800,7200,7450,9364114
20190627,7320,7660,7050,7270,550555
20190626,7160,7340,7120,7320,112349
20190625,7180,7320,6970,7290,152011
20190624,7240,7300,7100,7100,73409
20190621,7210,7350,7070,7240,122652
20190620,6960,7210,6960,7210,132456
20190619,6900,7070,6770,6960,124210
20190618,7070,7090,6780,6860,347103
20190617,7050,7160,6990,7000,151344
20190614,7290,7390,7060,7100,268380
20190613,7360,7480,7260,7290,193451
20190612,7620,7620,7320,7350,283115
20190611,7840,7840,7590,7610,222982
20190610,7780,7790,7560,7740,744972
20190607,7980,7980,7670,7790,164126
20190605,7790,8180,7700,7780,319996
20190604,7870,7870,7750,7760,90284
20190603,7760,7960,7740,7800,114788
20190531,7670,7890,7620,7830,148312
20190530,7500,7710,7460,7640,194711
20190529,7460,7570,7380,7470,91333
20190528,7340,7670,7330,7530,190739
20190527,7600,7600,7310,7340,162344
20190524,7610,7680,7410,7500,164824
20190523,7820,7820,7640,7700,214042
20190522,7470,7830,7300,7820,703510
20190521,7580,7730,7310,7430,345168
20190520,7910,8040,7550,7650,713545
20190517,8380,8440,7960,8100,440189
20190516,8250,8630,8100,8350,881098
20190515,8230,8230,7970,8160,534353
20190514,7730,8230,7700,8160,591493
20190513,7850,8270,7780,7890,941352
20190510,7900,8130,7620,7850,1040038
20190509,8320,8420,7650,7900,1620073
20190508,7960,9420,7750,8460,6416645
20190507,7250,7670,7250,7570,241881
20190503,7220,7460,7150,7450,188632
20190502,7020,7260,6990,7240,102572
20190430,7020,7080,6890,7010,82724
20190429,6880,7130,6790,6990,74605
20190426,7070,7070,6760,6820,103335
20190425,7130,7180,7000,7020,88974
20190424,7160,7310,7110,7160,147366
20190423,7050,7220,7050,7140,88481
20190422,7100,7170,6990,7070,83690
20190419,7120,7160,7070,7100,45111
20190418,7170,7210,7040,7100,113876
20190417,7330,7330,7140,7140,126034
20190416,7370,7420,7250,7280,108759
20190415,7500,7500,7360,7420,93753
20190412,7540,7580,7370,7420,199709
20190411,7320,7480,7190,7460,357017
20190410,6810,7650,6790,7290,936723
20190409,6850,6870,6680,6790,75497
20190408,6670,6880,6620,6820,369894
20190405,6780,6780,6660,6700,85737
20190404,6790,6830,6680,6780,95729
20190403,6800,6830,6700,6780,73330
20190402,6670,6980,6640,6820,219829
20190401,6850,6850,6650,6710,86820
20190329,6800,6800,6670,6710,65045
20190328,6850,6850,6730,6800,93069
20190327,6900,6900,6750,6800,94680
20190326,6770,6950,6680,6800,142455
20190325,6820,6880,6720,6750,118181
20190322,7000,7080,6900,6970,112794
20190321,7000,7130,6920,7000,132744
20190320,6990,7120,6800,6980,232562
20190319,6970,6980,6790,6840,88394
20190318,6720,6940,6640,6910,160322
20190315,6710,6780,6590,6720,97036
20190314,6850,6920,6630,6700,193340
20190313,6850,7000,6740,6890,198074
20190312,6680,7010,6600,6890,250968
20190311,6820,6830,6570,6680,166409
20190308,6850,6930,6700,6820,141908
20190307,7070,7240,6820,6850,370285
20190306,6840,7190,6810,7100,648332
20190305,6850,6930,6710,6840,261933
20190304,6600,6860,6600,6850,372314
20190228,6550,6910,6400,6500,834588
20190227,6430,6480,6330,6440,121531
20190226,6220,6480,6210,6430,230681
20190225,6130,6300,6130,6210,121322
20190222,6370,6370,6150,6180,131595
20190221,6450,6470,6270,6300,145958
20190220,6350,6440,6200,6440,231620
20190219,6410,6430,6280,6340,185263
20190218,6390,6550,6280,6400,193276
20190215,6610,6610,6300,6300,152778
20190214,6640,6700,6460,6560,235774
20190213,6690,6690,6410,6580,318876
20190212,6730,6730,6550,6650,111160
20190211,6700,6770,6550,6730,220730
20190208,6680,6830,6540,6650,294671
20190207,6400,6710,6380,6600,467662
20190201,6340,7200,6280,6370,1845273
20190131,5860,6030,5810,5910,60550
20190130,5810,5870,5700,5820,81897
20190129,6100,6100,5750,5800,135089
20190128,6230,6320,6000,6100,115342
20190125,6440,6440,6110,6220,158711
20190124,6000,6330,5960,6200,169015
20190123,6050,6070,5950,6000,49901
20190122,5920,6040,5850,6000,78031
20190121,6030,6050,5860,5920,48740
20190118,5850,5990,5580,5990,75046
20190117,5900,5980,5790,5850,63867
20190116,5900,5940,5780,5900,62102
20190115,5900,5950,5820,5830,32976
20190114,6070,6070,5810,5880,59051
20190111,5930,5960,5810,5880,29177
20190110,5970,5980,5890,5900,43474
20190109,6000,6040,5880,5950,39446
20190108,5950,6010,5710,5960,70881
20190107,5930,6100,5720,5940,128885
20190104,5590,5920,5320,5920,115072
20190103,5700,5740,5510,5570,78843
20190102,6030,6240,5640,5740,306004
20181228,5100,6400,5010,6000,354628
20181227,4940,5110,4885,5070,24966
20181226,4990,4990,4855,4875,33627
20181224,5040,5040,4900,4955,48456
20181221,5130,5130,5040,5040,18651
20181220,5310,5310,5040,5120,46737
20181219,5030,5230,5030,5140,56765
20181218,5000,5050,4940,5020,57870
20181217,5050,5130,4980,5070,43614
20181214,5230,5230,5000,5050,111561
20181213,5190,5200,5060,5200,36089
20181212,5180,5200,5090,5140,32182
20181211,5250,5250,5050,5110,27112
20181210,5190,5270,5090,5170,25195
20181207,5180,5300,5180,5270,22399
20181206,5310,5340,5150,5180,25715
20181205,5180,5300,5110,5290,42560
20181204,5380,5450,5250,5290,49881
20181203,5530,5530,5340,5370,41940
20181130,5560,5600,5410,5410,35476
20181129,5580,5580,5450,5560,62335
20181128,5440,5790,5440,5510,113443
20181127,5410,5500,5350,5440,20382
20181126,5380,5520,5350,5410,36400
20181123,5380,5470,5350,5420,28804
20181122,5470,5530,5350,5380,24278
20181121,5370,5530,5310,5440,40745
20181120,5530,5600,5330,5430,75788
20181119,5580,5680,5520,5600,54780
20181116,5200,5670,5180,5580,86874
20181115,5160,5250,4875,5170,41497
20181114,4925,5270,4875,5150,48359
20181113,4880,4985,4825,4925,14313
20181112,4980,5020,4910,4930,24626
20181109,5110,5150,4980,4995,49942
20181108,5120,5200,5100,5120,27487
20181107,5160,5250,4990,5090,44339
20181106,5170,5190,5010,5120,35539
20181105,5190,5190,5040,5160,32911
20181102,5040,5190,5040,5170,47165
20181101,4850,5140,4850,5000,40664
20181031,4685,4860,4685,4860,43986
20181030,4440,4705,4440,4680,71024
20181029,4680,4925,4575,4575,91123
20181026,4970,5040,4810,4860,112427
20181025,4945,4975,4600,4950,106636
20181024,5210,5310,4990,5010,56011
20181023,5500,5500,5150,5200,86636
20181022,5700,5700,5400,5430,60129
20181019,5680,5680,5490,5640,31940
20181018,5680,5750,5680,5700,21026
20181017,5680,5790,5610,5730,31323
20181016,5580,5700,5550,5680,41834
20181015,5720,5720,5500,5530,53641
20181012,5120,5690,5120,5690,135545
20181011,5740,5740,5360,5400,249461
20181010,6300,6480,5790,5900,122325
20181008,6370,6510,6300,6300,42259
20181005,6450,6530,6300,6370,59543
20181004,6510,6630,6400,6480,54802
20181002,6730,6800,6500,6560,80232
20181001,6770,6820,6550,6730,83806
20180928,6760,6850,6730,6780,134685
20180927,6660,6780,6630,6750,123797
20180921,6690,6820,6650,6650,174491
20180920,6350,7290,6340,6660,1108632
20180919,6410,6470,6300,6310,77783
20180918,6290,6460,6250,6370,111604
20180917,6460,6520,6310,6310,62808
20180914,6410,6550,6380,6460,99184
20180913,6510,6550,6350,6370,81273
20180912,6510,6680,6460,6510,112942
20180911,6500,6600,6400,6470,69734
20180910,6600,6710,6500,6530,61506
20180907,6640,6730,6470,6500,84482
20180906,6650,6720,6500,6590,58379
20180905,6810,6870,6650,6650,83428
20180904,7000,7020,6780,6880,100636
20180903,6830,7050,6750,6970,143442
20180831,6500,6850,6440,6850,235911
20180830,6500,6530,6390,6450,51739
20180829,6360,6500,6300,6490,65549
20180828,6350,6610,6210,6360,134217
20180827,6540,6540,6340,6340,72206
20180824,6420,6530,6270,6500,115744
20180823,6400,6430,6270,6390,74472
20180822,6350,6450,6250,6300,150487
20180821,6050,6230,6020,6190,88662
20180820,6190,6220,5970,6010,60945
20180817,5880,6140,5870,6140,67598
20180816,6000,6100,5810,5810,104429
20180814,5970,6150,5970,6100,54077
20180813,6140,6200,5970,6010,85212
20180810,6150,6250,6140,6140,55000
20180809,6250,6250,6150,6170,36166
20180808,6260,6350,6160,6210,29313
20180807,6330,6350,6200,6220,64400
20180806,6330,6410,6260,6290,27827
20180803,6400,6400,6240,6320,19778
20180802,6500,6500,6240,6280,82443
20180801,6380,6530,6350,6500,57393
20180731,6360,6430,6280,6340,46975
20180730,6500,6500,6320,6350,35812
20180727,6410,6520,6300,6490,64879
20180726,6140,6400,6030,6400,89667
20180725,6190,6190,5920,6080,102492
20180724,6080,6210,6050,6050,82522
20180723,6290,6350,6080,6090,94091
20180720,6350,6420,6210,6310,73924
20180719,6500,6500,6290,6300,104578
20180718,6610,6770,6420,6500,90173
20180717,6580,6790,6500,6620,109681
20180716,6630,6640,6530,6550,47337
20180713,6360,6620,6250,6620,114054
20180712,6340,6360,6210,6360,49842
20180711,6350,6360,6240,6270,78594
20180710,6350,6380,6230,6380,69932
20180709,6250,6350,6150,6300,90128
20180706,6080,6150,5910,6110,44298
20180705,6080,6240,6020,6030,72856
20180704,5980,6230,5970,6190,92550
20180703,6000,6100,5930,5990,138407
20180702,6090,6230,5960,5990,152770
20180629,6240,6240,5970,6080,163003
20180628,6480,6490,6080,6110,255935
20180627,6500,6780,6430,6470,328150
20180626,6290,6460,6260,6370,141351
20180625,6280,6490,6250,6380,126724
20180622,6260,6430,6190,6280,208826
20180621,6590,6600,6210,6430,235632
20180620,6290,6590,6290,6500,182526
20180619,6730,6980,6280,6280,266769
20180618,7100,7110,6630,6750,380441
20180615,6920,7190,6920,7080,194490
20180614,7550,7640,6990,7030,438497
20180612,7820,7900,7580,7580,262387
20180611,7950,8070,7800,7800,172287
20180608,8230,8230,7910,7910,392568
20180607,8300,8340,8120,8230,203155
20180605,8410,8490,8250,8280,233814
20180604,8470,8540,8290,8400,269300
20180601,8550,8680,8350,8480,219582
20180531,8650,8650,8410,8480,221049
20180530,8710,8880,8480,8580,388899
20180529,8550,8920,8550,8630,396949
20180528,8570,8820,8390,8620,414628
20180525,8440,8680,8300,8660,328717
20180524,8600,8680,8380,8480,248270
20180523,8880,8880,8510,8650,465773
20180521,9050,9640,8900,8900,1547703
20180518,8450,8900,8420,8900,775471
20180517,8310,8510,8100,8410,357611
20180516,8500,8500,8170,8290,188642
20180515,8260,8510,8230,8430,284760
20180514,8470,8500,8160,8280,236220
20180511,8100,8470,8020,8470,323476
20180510,8300,8300,8010,8050,249971
20180509,8300,8500,8040,8300,461176
20180508,8060,8610,8060,8300,557158
20180504,8450,8500,7940,8030,295608
20180503,8150,8310,8020,8270,133564
20180502,7800,8260,7650,8150,243825
20180430,8300,8350,7840,7940,304727
20180427,8520,8520,8180,8200,213803
20180426,8140,8520,8130,8380,235257
20180425,8410,8570,8010,8200,276930
20180424,8620,8700,8340,8430,309706
20180423,8890,8910,8550,8660,300803
20180420,9000,9350,8800,8950,500030
20180419,8540,8950,8340,8910,586768
20180418,9130,9430,8530,8700,671834
20180417,8790,9200,8560,9070,904035
20180416,8660,8800,8480,8800,267719
20180413,8580,8690,8340,8650,244178
20180412,8910,8980,8380,8470,504919
20180411,8840,9080,8740,8880,523388
20180410,9090,9180,8760,8900,660809
20180409,8590,9260,8490,9260,1727129
20180406,7950,8630,7950,8530,747772
20180405,8510,8510,7900,7950,491687
20180404,8100,8510,8050,8400,486839
20180403,7940,8140,7800,8060,203065
20180402,8120,8390,8010,8010,264951
20180330,8150,8260,8020,8110,176904
20180329,8160,8350,8070,8150,222433
20180328,8190,8290,7980,8070,225901
20180327,7940,8320,7800,8300,400448
20180326,7770,7930,7400,7850,332393
20180323,8100,8190,7640,7690,411922
20180322,8730,9100,8100,8110,1343529
20180321,8300,8690,8080,8380,935084
20180320,7600,8210,7470,8200,902235
20180319,7660,7750,7350,7560,192219
20180316,7840,8050,7520,7660,454873
20180315,7780,8290,7630,7800,1149628
20180314,7340,7780,7180,7700,307281
20180313,7150,7350,7050,7250,133227
20180312,7030,7150,6960,7130,168006
20180309,7090,7100,6960,7020,99816
20180308,6790,7060,6760,7020,159146
20180307,6650,7000,6650,6780,92258
20180306,6610,6840,6600,6720,86601
20180305,6730,6800,6560,6560,113162
20180302,6750,6880,6690,6790,70244
20180228,6910,6910,6670,6750,129973
20180227,6920,7010,6880,6900,77073
20180226,7010,7130,6900,6950,152510
20180222,6890,6970,6840,6890,103321
20180221,7080,7080,6880,6920,111581
20180220,7090,7090,6850,6970,128888
20180219,6990,7150,6930,7070,144980
20180214,6820,6950,6750,6900,166642
20180213,7300,7410,6640,6840,581341
20180212,6900,7250,6900,7000,161687
20180209,6890,7020,6830,6910,155241
20180208,7130,7250,6790,7190,206504
20180207,7030,7410,6850,6960,332079
20180206,6700,7100,6560,6940,427594
20180205,7540,7540,7230,7270,214185
20180202,7620,7700,7320,7680,215058
20180201,8000,8000,7600,7620,344992
20180131,7820,8030,7710,7900,321825
20180130,7680,7940,7540,7820,337637
20180129,8170,8180,7610,7680,569072
20180126,7700,8000,7590,7780,587251
20180125,7360,7800,7310,7630,544555
20180124,7440,7440,7250,7400,245392
20180123,7520,7520,7240,7390,331498
20180122,7300,7520,7130,7520,317603
20180119,7530,7540,7230,7250,365062
20180118,7270,7600,7180,7550,841157
20180117,7430,7500,7090,7180,667989
20180116,7400,7600,7130,7330,781304
20180115,7730,7920,7290,7470,842335
20180112,7900,7900,7490,7730,1366916
20180111,6900,8410,6870,8020,5714042
20180110,7020,7120,6820,7000,1324926
20180109,6050,7420,6050,7000,4455124
20180108,6200,6210,5850,6020,321075
20180105,5950,6230,5850,6080,430634
20180104,5980,6240,5880,5930,429669
20180103,5810,6040,5690,6010,398109
20180102,5590,5820,5480,5760,238963
20171228,5540,5590,5410,5480,71115
20171227,5320,5600,5300,5530,149188
20171226,5450,5560,5280,5350,90682
20171222,5320,5430,5190,5350,65682
20171221,5270,5400,5190,5200,79950
20171220,5270,5430,5270,5270,76127
20171219,5570,5570,5280,5400,131270
20171218,5440,5550,5330,5450,98812
20171215,5500,5600,5410,5530,69685
20171214,5550,5610,5450,5500,82548
20171213,5400,5610,5380,5500,66377
20171212,5350,5440,5270,5400,77794
20171211,5330,5490,5290,5390,107296
20171208,5490,5570,5310,5310,172363
20171207,5830,5830,5350,5500,322918
20171206,5860,5860,5690,5750,219805
20171205,5890,5900,5750,5790,177511
20171204,5970,5970,5720,5800,214316
20171201,5600,5830,5600,5800,248879
20171130,5710,5710,5520,5600,126230
20171129,5660,5790,5570,5710,219060
20171128,5760,5820,5540,5560,276988
20171127,5810,5890,5660,5760,218090
20171124,6030,6030,5820,5850,385375
20171123,5770,6030,5500,6000,606468
20171122,6400,6450,5750,5770,1362013
20171121,5950,6220,5680,6140,1226928
20171120,5670,6230,5600,5930,2182588
20171117,5470,5740,5330,5560,854364
20171116,5650,5850,5380,5500,2030593
20171115,5550,5680,5170,5250,918773
20171114,5430,5800,5350,5460,1486146
20171113,5310,6370,5200,5400,4155462
20171110,5190,5340,5080,5280,225266
20171109,5250,5700,5100,5110,1852757
20171108,5090,5260,5050,5220,284956
20171107,5170,5210,5060,5100,140022
20171106,4965,5200,4950,5170,392190
20171103,4950,4985,4860,4965,194231
20171102,5030,5040,4900,4950,95167
20171101,5040,5170,4940,4985,136533
20171031,4920,5080,4910,5040,90722
20171030,4945,5160,4900,5020,228672
20171027,4900,4965,4850,4945,100585
20171026,4885,4900,4800,4900,68600
20171025,4885,4950,4860,4885,47244
20171024,5000,5010,4890,4900,57847
20171023,4860,5000,4860,4950,117683
20171020,4850,4875,4795,4860,82748
20171019,4730,4875,4730,4800,52964
20171018,4840,4895,4750,4760,74370
20171017,4825,4870,4815,4840,39769
20171016,4950,4950,4755,4825,103715
20171013,5020,5100,4810,4900,124970
20171012,4970,5070,4920,5020,118161
20171011,4905,5110,4885,4975,129787
20171010,4895,5000,4800,4880,59263
20170929,4865,4945,4835,4870,62108
20170928,4930,5010,4850,4865,42508
20170927,4800,4955,4800,4915,65136
20170926,4740,4900,4740,4830,63584
20170925,5040,5040,4800,4800,287169
20170922,5130,5170,5020,5040,162580
20170921,5300,5300,5120,5170,242837
20170920,5310,5400,5190,5280,593039
20170919,5230,5280,5140,5270,197216
20170918,5020,5250,5020,5230,347329
20170915,4980,5100,4980,5100,184942
20170914,5010,5070,4980,5010,227326
20170913,5090,5150,5030,5040,131490
20170912,5260,5270,5100,5100,292882
20170911,5080,5220,5030,5220,245057
20170908,5110,5130,5020,5100,150248
20170907,5020,5170,5000,5110,214812
20170906,5000,5110,5000,5020,117773
20170905,5180,5180,5000,5050,252094
20170904,4890,5170,4885,5150,355727
20170901,5240,5270,5130,5130,337813
20170831,5140,5270,5070,5270,440467
20170830,5150,5230,5110,5120,379368
20170829,5100,5220,5050,5120,506003
20170828,5030,5200,5030,5160,554882
20170825,5030,5100,4965,5080,331766
20170824,5010,5110,4920,5070,590879
20170823,5320,5340,5010,5040,996044
20170822,5170,5310,5160,5280,884339
20170821,5310,5340,5150,5180,1569276
20170818,5250,5250,5020,5190,1575569
20170817,5440,5530,5180,5310,2736246
20170816,5640,5720,5320,5480,4003592
20170814,4620,5890,4460,5890,8468799
20170811,4590,4640,4490,4535,63295
20170810,4650,4730,4550,4630,66516
20170809,4770,4770,4675,4680,14722
20170808,4720,4750,4650,4730,37800
20170807,4630,4770,4625,4720,32748
20170804,4645,4770,4645,4650,18737
20170803,4765,4765,4650,4660,51120
20170802,4710,4850,4710,4770,31124
20170801,4670,4930,4670,4790,31898
20170731,4795,4830,4680,4755,72225
20170728,4860,4940,4780,4795,68339
20170727,4830,4950,4810,4900,31287
20170726,4900,4990,4810,4870,51471
20170725,4990,4990,4895,4930,46189
20170724,5040,5040,4940,4990,66057
20170721,4970,5000,4890,4980,77138
20170720,4835,4995,4835,4970,91330
20170719,4820,4850,4795,4830,71265
20170718,4850,4880,4800,4830,70514
20170717,4950,4950,4800,4875,61285
20170714,4950,5010,4850,4870,63206
20170713,4960,5010,4815,4915,172961
20170712,5010,5050,4915,4960,123455
20170711,5060,5140,5010,5050,109178
20170710,5200,5230,5000,5060,175714
20170707,5220,5320,5130,5220,182348
20170706,5110,5500,5020,5220,1275552
20170705,4905,5000,4900,4980,101376
20170704,5000,5000,4890,4910,73171
20170703,4970,5030,4910,4920,53899
20170630,4990,5000,4905,4930,71100
20170629,4845,5080,4845,5010,185136
20170628,4830,4980,4830,4885,75642
20170627,4985,5060,4930,4945,164731
20170626,4925,5040,4770,4985,310836
20170623,4695,5530,4695,4850,2194864
20170622,4890,4890,4670,4740,143345
20170621,4750,4930,4630,4795,123968
20170620,4995,5090,4775,4795,137489
20170619,4835,4985,4710,4910,172190
20170616,4910,4930,4695,4700,256334
20170615,5030,5050,4800,4930,258171
20170614,4870,5050,4870,5020,345553
20170613,4740,4965,4680,4940,474749
20170612,4715,4745,4620,4740,305481
20170609,4500,5400,4500,4690,3084436
20170608,4535,4585,4405,4455,193177
20170607,4480,4655,4400,4520,400412
20170605,4305,4470,4300,4400,224296
20170602,4370,4400,4300,4300,145938
20170601,4340,4645,4265,4330,1003765
20170531,4290,4310,4160,4310,415858
20170530,4100,4170,4030,4060,78966
20170529,4170,4200,4100,4100,92521
20170526,4260,4260,4160,4170,78363
20170525,4240,4240,4110,4230,187608
20170524,3990,4250,3990,4250,526205
20170523,3875,4090,3875,3990,181907
20170522,3865,3940,3865,3895,43927
20170519,3945,3950,3875,3915,49730
20170518,3950,3950,3850,3910,52555
20170517,3990,3990,3900,3950,62158
20170516,3885,4000,3820,3990,148826
20170515,3810,3950,3800,3885,94371
20170512,3800,3860,3780,3850,74133
20170511,3940,3940,3795,3805,54360
20170510,3880,3955,3825,3850,80803
20170508,3720,3920,3715,3880,90744
20170504,3700,3780,3700,3750,29097
20170502,3770,3795,3725,3765,35468
20170428,3765,3815,3745,3770,41389
20170427,3840,3870,3785,3785,83220
20170426,3825,3845,3785,3840,81413
20170425,3780,3935,3780,3815,46489
20170424,3865,3865,3805,3810,62292
20170421,3900,3965,3830,3865,86157
20170420,3870,3945,3815,3865,121929
20170419,3770,4140,3700,3835,665888
20170418,3705,3770,3680,3750,103883
20170417,3710,3790,3660,3745,67927
20170414,3800,3885,3690,3695,154303
20170413,3700,4100,3650,3820,735593
20170412,3820,3825,3650,3650,198332
20170411,3920,3920,3700,3810,316602
20170410,4030,4030,3830,3885,239176
20170407,4050,4070,4020,4035,82315
20170406,4090,4090,4015,4050,74891
20170405,4035,4095,4030,4045,107080
20170404,4195,4235,3900,4020,287354
20170403,4105,4225,4070,4120,183975
20170331,4060,4170,4050,4100,100713
20170330,4130,4160,4060,4070,204631
20170329,4185,4215,4135,4135,111870
20170328,4180,4260,4150,4180,139534
20170327,4270,4350,4175,4180,279063
20170324,4200,4295,4150,4270,191347
20170323,4180,4365,4130,4200,268867
20170322,4240,4260,4150,4180,154118
20170321,4320,4385,4225,4240,263276
20170320,4450,4480,4335,4345,288363
20170317,4390,4465,4250,4400,412085
20170316,4225,4360,4205,4285,191357
20170315,4370,4370,4200,4205,257484
20170314,4350,4475,4320,4345,632877
20170313,4230,4350,4170,4335,345621
20170310,4265,4305,4130,4230,413993
20170309,4445,4455,4280,4310,394107
20170308,4420,4440,4295,4380,454596
20170307,4300,4865,4230,4400,3932188
20170306,4130,4250,4080,4175,158283
20170303,4330,4330,4100,4100,382017
20170302,4220,4495,4220,4300,533297
20170228,4030,4530,4030,4220,2607819
20170227,4150,4185,4025,4050,281057
20170224,4380,4380,4130,4145,652474
20170223,4210,4720,4200,4350,2431906
20170222,4240,4325,4225,4245,383128
20170221,4200,4285,4115,4250,570065
20170220,4405,4445,4185,4195,590687
20170217,4475,4600,4370,4400,469444
20170216,4735,4810,4460,4505,953528
20170215,4725,4895,4725,4755,514753
20170214,5020,5070,4775,4800,806907
20170213,5020,5300,4915,4935,1188668
20170210,5220,5270,4990,5010,1530968
20170209,5260,5750,4855,5220,5476549
20170208,5430,5590,5110,5110,1567134
20170207,5400,5650,5300,5420,2306919
20170206,5190,5760,5040,5400,5151549
20170203,5200,5930,4975,5070,7830288
20170202,4860,5180,4740,5070,2118902
20170201,4655,5550,4620,4960,11450520
20170131,4830,4895,4490,4610,2074161
20170126,4340,5290,4095,4845,16628695
20170125,4960,4995,4170,4265,2122278
20170124,5600,6150,4845,5070,6158719
